{"scope.version":"2","timeline.animationMode":"proMode","viewport.width":728,"viewport.height":90,"library.openDirectories":[],"library.GroupsPath":{},"library.downloadedAssets":{},"design.zoom":1,"publish.local.location":"\\\\DROBO5N\\Public\\Scott\\revolutionStrategy\\20190129\\build\\728x90","publish.local.name":"Daytime CBD No Product","publish.local.flatten":false,"publish.local.minify":false,"publish.local.inlineFiles":false,"publish.local.createZip":false,"publish.local.politeLoad":true,"publish.local.exportMozilla":true,"publish.local.exportWebkit":true,"publish.local.unpackGroups":true,"publish.local.borderColor":"rgba(0,0,0,1)","publish.local.addBorder":true}